Title,Channel,Schedule,URL
"風の吹く場所へ〜love yourself〜","BS12","BS12 12-24 07:00, 12-25 07:00","https://poupe.hatenadiary.jp/entry/2024/11/16/%E3%80%8E%E5%8E%BB%E6%9C%89%E9%A3%8E%E7%9A%84%E5%9C%B0%E6%96%B9%E3%80%8F%E5%85%A8%E8%A9%B1%E3%81%82%E3%82%89%E3%81%99%E3%81%98%E3%83%8D%E3%82%BF%E3%83%90%E3%83%AC%E6%84%9F%E6%83%B3"
"蜀紅錦〜紡がれる夢〜","チャンネル銀河","チャンネル銀河 12-24 07:00, 12-25 07:00","https://poupe.hatenadiary.jp/entry/2024/11/30/%E3%80%8E%E8%9C%80%E9%8C%A6%E4%BA%BA%E5%AE%B6%E3%80%8F%E5%85%A8%E8%A9%B1%E3%81%82%E3%82%89%E3%81%99%E3%81%98%E3%83%8D%E3%82%BF%E3%83%90%E3%83%AC%E6%84%9F%E6%83%B3"
"華◆恋心が芽吹く頃〜Blooming Days〜＃２０［字］","LaLa TV","LaLa TV 12-24 07:00","https://poupe.hatenadiary.jp/entry/2023/10/24/%E3%80%8E%E6%AD%B3%E6%AD%B3%E9%9D%92%E8%93%AE%E3%80%8F_%E5%85%A8%E8%A9%B1%E3%81%82%E3%82%89%E3%81%99%E3%81%98%E3%83%8D%E3%82%BF%E3%83%90%E3%83%AC%E6%84%9F%E6%83%B3"
"天行健〜革命前夜、風立ちぬ〜","WOWOWプライム","WOWOWプライム 12-24 07:30, 12-25 07:30","https://poupe.hatenadiary.jp/entry/2024/05/10/%E3%80%8E%E5%A4%A9%E8%A1%8C%E5%81%A5%E3%80%8F%E5%85%A8%E8%A9%B1%E3%81%82%E3%82%89%E3%81%99%E3%81%98%E3%83%8D%E3%82%BF%E3%83%90%E3%83%AC%E6%84%9F%E6%83%B3"
"華◆猟罪図鑑〜見えない肖像画〜","衛星劇場","衛星劇場 12-24 07:30","https://poupe.hatenadiary.jp/entry/2023/01/20/%E7%8C%9F%E7%BD%AA%E5%9B%B3%E9%91%91_%E3%80%9C%E8%A6%8B%E3%81%88%E3%81%AA%E3%81%84%E8%82%96%E5%83%8F%E7%94%BB%E3%80%9C_%E5%85%A8%E8%A9%B1%E6%84%9F%E6%83%B3"
"中国ドラマ「DUST〜十三年の追憶〜」","チャンネル銀河","チャンネル銀河 12-24 09:30, 12-25 09:30","https://bangumi.org/tv_events/AlCgEx1MYAI?from=search"
"中国◇贅婿［ぜいせい］〜ムコ殿は天才策士〜　＃２１（字幕版）","J:COM BS","J:COM BS 12-24 10:00","https://poupe.hatenadiary.jp/entry/2022/06/09/%E3%80%8E%E8%B4%85%E5%A9%BF_%E3%80%9C%E3%83%A0%E3%82%B3%E6%AE%BF%E3%81%AF%E5%A4%A9%E6%89%8D%E7%AD%96%E5%A3%AB%E3%80%9C%E3%80%8F%E5%85%A8%E8%A9%B1%E3%81%82%E3%82%89%E3%81%99%E3%81%98%E3%83%8D%E3%82%BF"
"燕雲台－The　Legend　of　Empress－","WOWOWプライム","WOWOWプライム 12-24 11:00, 12-25 11:00","https://poupe.hatenadiary.jp/entry/2022/05/07/%E3%80%8E%E7%87%95%E9%9B%B2%E5%8F%B0_-The_Legend_of_Empress-%E3%80%8F%E5%85%A8%E8%A9%B1%E3%81%82%E3%82%89%E3%81%99%E3%81%98%E3%83%8D%E3%82%BF%E3%83%90%E3%83%AC%E6%84%9F%E6%83%B3"
"🈟中国ドラマ「愛なんて、ただそれだけのこと」ノーカット字幕版","TBSチャンネル2","TBSチャンネル2 12-24 11:00","https://poupe.hatenadiary.jp/entry/2023/12/10/%E3%80%8E%E6%84%9B%E3%81%AA%E3%82%93%E3%81%A6%E3%80%81%E3%81%9F%E3%81%A0%E3%81%9D%E3%82%8C%E3%81%A0%E3%81%91%E3%81%AE%E3%81%93%E3%81%A8%EF%BC%88%E5%8E%9F%E9%A1%8C%EF%BC%9A%E7%88%B1%E6%83%85%E8%80%8C"
"「愛なんて、ただそれだけのこと」ノーカット字幕版","TBSチャンネル2","TBSチャンネル2 12-24 11:50, 12-24 12:40, 12-24 13:30, 12-24 14:20, 12-24 15:10, 12-24 16:00, 12-24 16:50, 12-24 17:40, 12-24 18:30, 12-24 19:20, 12-24 20:10, 12-24 21:00, 12-24 21:50, 12-25 11:00, 12-25 11:50, 12-25 12:40, 12-25 13:30, 12-25 14:20, 12-25 15:10","https://poupe.hatenadiary.jp/entry/2023/12/10/%E3%80%8E%E6%84%9B%E3%81%AA%E3%82%93%E3%81%A6%E3%80%81%E3%81%9F%E3%81%A0%E3%81%9D%E3%82%8C%E3%81%A0%E3%81%91%E3%81%AE%E3%81%93%E3%81%A8%EF%BC%88%E5%8E%9F%E9%A1%8C%EF%BC%9A%E7%88%B1%E6%83%85%E8%80%8C"
"日本初◆中国ドラマ「春花焔〜Kill Me Love Me〜」","チャンネル銀河","チャンネル銀河 12-24 13:00, 12-25 13:00","https://poupe.hatenadiary.jp/entry/2024/10/14/%E3%80%8E%E6%98%A5%E8%8A%B1%E7%84%94%E3%80%8F%E5%85%A8%E8%A9%B1%E3%81%82%E3%82%89%E3%81%99%E3%81%98%E3%83%8D%E3%82%BF%E3%83%90%E3%83%AC%E6%84%9F%E6%83%B3"
"中国時代劇明蘭～才媛の春～","BS11","BS11 12-24 13:00, 12-25 13:00, 12-26 13:00, 12-29 13:00, 12-30 13:00","https://poupe.hatenadiary.jp/entry/2022/04/24/%E3%80%8E%E6%98%8E%E8%98%AD_%E3%80%9C%E6%89%8D%E5%AA%9B%E3%81%AE%E6%98%A5%E3%80%9C%E3%80%8F%E5%85%A8%E8%A9%B1%E3%81%82%E3%82%89%E3%81%99%E3%81%98%E3%83%8D%E3%82%BF%E3%83%90%E3%83%AC%E6%84%9F%E6%83%B3"
"華◆大夢帰離〜明かせぬ想い、宿命の朱〜＃２５[字]【日本初】　▼ホウ・ミンハオ","衛星劇場","衛星劇場 12-24 14:00","https://poupe.hatenadiary.jp/entry/2024/10/26/%E3%80%8E%E5%A4%A7%E5%A4%A2%E5%B8%B0%E9%9B%A2%E3%80%8F%E5%85%A8%E8%A9%B1%E3%81%82%E3%82%89%E3%81%99%E3%81%98%E3%83%8D%E3%82%BF%E3%83%90%E3%83%AC%E6%84%9F%E6%83%B3"
"華◆蓮花楼（れんかろう）＃２７［字］チョン・イー主演","LaLa TV","LaLa TV 12-24 14:00","https://poupe.hatenadiary.jp/entry/2023/07/24/%E3%80%8E%E8%93%AE%E8%8A%B1%E6%A5%BC%E3%80%8F_%E5%85%A8%E8%A9%B1_%E3%81%82%E3%82%89%E3%81%99%E3%81%98%E3%83%8D%E3%82%BF%E3%83%90%E3%83%AC%E6%84%9F%E6%83%B3"
"中国ドラマ「フライト・トゥ・ユー〜君との距離〈マイル〉」","日テレプラス","日テレプラス 12-24 14:30, 12-25 14:30","https://poupe.hatenadiary.jp/entry/2023/01/02/%E9%A2%A8%E3%81%AB%E5%90%91%E3%81%8B%E3%81%A3%E3%81%A6_%E5%85%A8%E8%A9%B1%E3%81%82%E3%82%89%E3%81%99%E3%81%98%E3%83%8D%E3%82%BF%E3%83%90%E3%83%AC%E6%84%9F%E6%83%B3"
"華◆大夢帰離〜明かせぬ想い、宿命の朱〜＃２６[字]【日本初】　▼ホウ・ミンハオ","衛星劇場","衛星劇場 12-24 15:00","https://poupe.hatenadiary.jp/entry/2024/10/26/%E3%80%8E%E5%A4%A7%E5%A4%A2%E5%B8%B0%E9%9B%A2%E3%80%8F%E5%85%A8%E8%A9%B1%E3%81%82%E3%82%89%E3%81%99%E3%81%98%E3%83%8D%E3%82%BF%E3%83%90%E3%83%AC%E6%84%9F%E6%83%B3"
"中国時代劇度華年（どかねん）The Princess Royal","BS11","BS11 12-24 15:59, 12-25 15:59, 12-29 15:59, 12-30 15:59","https://poupe.hatenadiary.jp/entry/2024/06/26/%E3%80%8E%E5%BA%A6%E8%8F%AF%E5%B9%B4%E3%80%8F%E5%85%A8%E8%A9%B1%E3%81%82%E3%82%89%E3%81%99%E3%81%98%E3%83%8D%E3%82%BF%E3%83%90%E3%83%AC%E6%84%9F%E6%83%B3"
"中国時代劇大宋宮詞 ～愛と策謀の宮廷絵巻～","BS11","BS11 12-24 15:59, 12-25 15:59, 12-29 15:59, 12-30 15:59","https://poupe.hatenadiary.jp/entry/2022/12/07/%E3%80%8E%E5%A4%A7%E5%AE%8B%E5%AE%AE%E8%A9%9E_%EF%BD%9E%E6%84%9B%E3%81%A8%E7%AD%96%E8%AC%80%E3%81%AE%E5%AE%AE%E5%BB%B7%E7%B5%B5%E5%B7%BB%EF%BD%9E%E3%80%8F%E5%85%A8%E8%A9%B1%E3%81%82%E3%82%89%E3%81%99"
"中国◇劉皇后の仰せのままに　＃２１（字幕版）","J:COM BS","J:COM BS 12-24 17:00","https://poupe.hatenadiary.jp/entry/2024/03/09/%E3%80%8E%E5%8A%89%E7%9A%87%E5%90%8E%E3%81%AE%E4%BB%B0%E3%81%9B%E3%81%AE%E3%81%BE%E3%81%BE%E3%81%AB%E3%80%8F%E5%85%A8%E8%A9%B1%E3%81%82%E3%82%89%E3%81%99%E3%81%98%E3%83%8D%E3%82%BF%E3%83%90%E3%83%AC"
"[中]#27 度華年 The Princess Royal<字>◆チャオ・ジンマイ","アジアドラマチックTV（アジドラ）","アジアドラマチックTV（アジドラ） 12-24 17:30, 12-29 03:55","https://poupe.hatenadiary.jp/entry/2024/06/26/%E3%80%8E%E5%BA%A6%E8%8F%AF%E5%B9%B4%E3%80%8F%E5%85%A8%E8%A9%B1%E3%81%82%E3%82%89%E3%81%99%E3%81%98%E3%83%8D%E3%82%BF%E3%83%90%E3%83%AC%E6%84%9F%E6%83%B3"
"華◆素敵な恋の咲かせかた＃２[字]　▼ジャン・リンホー","ホームドラマチャンネル","ホームドラマチャンネル 12-24 19:00","https://poupe.hatenadiary.jp/entry/2025/02/25/%E3%80%8E%E7%88%B1%E4%BD%A0%E3%80%8F%E5%85%A8%E8%A9%B1%E3%81%82%E3%82%89%E3%81%99%E3%81%98%E3%83%8D%E3%82%BF%E3%83%90%E3%83%AC%E6%84%9F%E6%83%B3"
"🈠国色芳華（こくしょくほうか）〜牡丹の花咲く都で〜","WOWOWプライム","WOWOWプライム 12-24 20:00, 12-24 20:50","https://poupe.hatenadiary.jp/entry/2025/06/30/%E3%80%8E%E9%94%A6%E7%BB%A3%E8%8A%B3%E5%8D%8E%E3%80%8F%E5%85%A8%E8%A9%B1%E3%81%82%E3%82%89%E3%81%99%E3%81%98%E3%83%8D%E3%82%BF%E3%83%90%E3%83%AC%E6%84%9F%E6%83%B3"
"「時間の都市〜ロマンスはいつも予想外〜」ノーカット字幕版","TBSチャンネル1","TBSチャンネル1 12-24 21:00, 12-24 21:50, 12-24 22:40","https://bangumi.org/tv_events/AlCgEoKmoAI?from=search"
"華◆無憂渡〜瞳に映った真実の愛〜＃２１[字]【日本初】　▼アレン・レン","衛星劇場","衛星劇場 12-24 21:00","https://poupe.hatenadiary.jp/entry/2025/04/12/%E3%80%8E%E7%84%A1%E6%86%82%E6%B8%A1%E3%80%8F%E5%85%A8%E8%A9%B1%E3%81%82%E3%82%89%E3%81%99%E3%81%98%E3%83%8D%E3%82%BF%E3%83%90%E3%83%AC%E6%84%9F%E6%83%B3"
"中国ドラマ「星河長明 運命の妃と不滅の帝」","日テレプラス","日テレプラス 12-24 22:00","https://bangumi.org/tv_events/AlCgEsxx8AI?from=search"
"華◆無憂渡〜瞳に映った真実の愛〜＃２２[字]【日本初】　▼アレン・レン","衛星劇場","衛星劇場 12-24 22:00","https://poupe.hatenadiary.jp/entry/2025/04/12/%E3%80%8E%E7%84%A1%E6%86%82%E6%B8%A1%E3%80%8F%E5%85%A8%E8%A9%B1%E3%81%82%E3%82%89%E3%81%99%E3%81%98%E3%83%8D%E3%82%BF%E3%83%90%E3%83%AC%E6%84%9F%E6%83%B3"
"TV初◆中国ドラマ「蜀紅錦〜紡がれる夢〜」","チャンネル銀河","チャンネル銀河 12-24 23:00","https://poupe.hatenadiary.jp/entry/2024/11/30/%E3%80%8E%E8%9C%80%E9%8C%A6%E4%BA%BA%E5%AE%B6%E3%80%8F%E5%85%A8%E8%A9%B1%E3%81%82%E3%82%89%E3%81%99%E3%81%98%E3%83%8D%E3%82%BF%E3%83%90%E3%83%AC%E6%84%9F%E6%83%B3"
"🈠ヤン・ズー×シュー・カイ「承歓記（しょうかんき）」","WOWOWプライム","WOWOWプライム 12-25 00:00, 12-25 00:50","https://bangumi.org/tv_events/AlCwC_sFIAE?from=search"
"星漢燦爛＜せいかんさんらん＞","チャンネル銀河","チャンネル銀河 12-25 01:00","https://poupe.hatenadiary.jp/entry/2023/04/15/%E6%98%9F%E6%BC%A2%E7%87%A6%E7%88%9B_%E5%85%A8%E8%A9%B1_%E3%81%82%E3%82%89%E3%81%99%E3%81%98%E3%83%8D%E3%82%BF%E3%83%90%E3%83%AC%E6%84%9F%E6%83%B3"
"華◆マイ・ラブ スーパースター＃１３［字］","LaLa TV","LaLa TV 12-25 01:00","https://tvguide.myjcom.jp/r/?id=055720251225010000"
"[中]#10 このロマンスはフィクションだから<字>【日本初放送】","アジアドラマチックTV（アジドラ）","アジアドラマチックTV（アジドラ） 12-25 01:30","https://tvguide.myjcom.jp/r/?id=055220251225013000"
"安楽伝","チャンネル銀河","チャンネル銀河 12-25 02:00, 12-25 03:00","https://poupe.hatenadiary.jp/entry/2025/04/14/%E3%80%8E%E5%AE%89%E6%A5%BD%E4%BC%9D%E3%80%8F%E5%85%A8%E8%A9%B1%E3%81%82%E3%82%89%E3%81%99%E3%81%98%E3%83%8D%E3%82%BF%E3%83%90%E3%83%AC%E6%84%9F%E6%83%B3"
"華◆癒やしの恋人〜ロマンスの処方箋〜＃１０[字]【ノーカット】　▼レオ・ロー","ホームドラマチャンネル","ホームドラマチャンネル 12-25 02:00","https://poupe.hatenadiary.jp/entry/2023/11/04/%E3%80%8E%E6%B2%BB%E6%84%88%E7%B3%BB%E6%81%8B%E4%BA%BA%E3%80%8F_%E5%85%A8%E8%A9%B1%E3%81%82%E3%82%89%E3%81%99%E3%81%98%E3%83%8D%E3%82%BF%E3%83%90%E3%83%AC%E6%84%9F%E6%83%B3"
"華◆マイ・ラブ スーパースター＃１４［字］","LaLa TV","LaLa TV 12-25 02:00","https://tvguide.myjcom.jp/r/?id=055720251225020000"
"[中]#11 度華年 The Princess Royal<字>◆チャオ・ジンマイ","アジアドラマチックTV（アジドラ）","アジアドラマチックTV（アジドラ） 12-25 02:30","https://poupe.hatenadiary.jp/entry/2024/06/26/%E3%80%8E%E5%BA%A6%E8%8F%AF%E5%B9%B4%E3%80%8F%E5%85%A8%E8%A9%B1%E3%81%82%E3%82%89%E3%81%99%E3%81%98%E3%83%8D%E3%82%BF%E3%83%90%E3%83%AC%E6%84%9F%E6%83%B3"
"華◆花渓記（かけいき）〜君が空から舞い降りて〜＃２６［字］","LaLa TV","LaLa TV 12-25 03:00","https://tvguide.myjcom.jp/r/?id=055720251225030000"
"中国ドラマ「皇帝の恋　寂寞の庭に春暮れて」","日テレプラス","日テレプラス 12-25 04:00","https://bangumi.org/tv_events/AlCwEsxyUAI?from=search"
"[中]#35 柳舟恋記〜皇子とかりそめの花嫁〜<字>【日本初放送】","アジアドラマチックTV（アジドラ）","アジアドラマチックTV（アジドラ） 12-25 05:00","https://poupe.hatenadiary.jp/entry/2024/08/12/%E3%80%8E%E6%9F%B3%E8%88%9F%E8%A8%98%E3%80%8F%E5%85%A8%E8%A9%B1%E3%81%82%E3%82%89%E3%81%99%E3%81%98%E3%83%8D%E3%82%BF%E3%83%90%E3%83%AC%E6%84%9F%E6%83%B3"
"双燕秘抄 乱世を舞う二羽の絆","BS12","BS12 12-25 05:30","https://bangumi.org/tv_events/AlCwDeOZcAE?from=search"
"中国◇劉皇后の仰せのままに　＃２１（字幕版）[再]","J:COM BS","J:COM BS 12-25 05:30","https://poupe.hatenadiary.jp/entry/2024/03/09/%E3%80%8E%E5%8A%89%E7%9A%87%E5%90%8E%E3%81%AE%E4%BB%B0%E3%81%9B%E3%81%AE%E3%81%BE%E3%81%BE%E3%81%AB%E3%80%8F%E5%85%A8%E8%A9%B1%E3%81%82%E3%82%89%E3%81%99%E3%81%98%E3%83%8D%E3%82%BF%E3%83%90%E3%83%AC"
"華◆恋心が芽吹く頃〜Blooming Days〜＃２１［字］","LaLa TV","LaLa TV 12-25 07:00","https://poupe.hatenadiary.jp/entry/2023/10/24/%E3%80%8E%E6%AD%B3%E6%AD%B3%E9%9D%92%E8%93%AE%E3%80%8F_%E5%85%A8%E8%A9%B1%E3%81%82%E3%82%89%E3%81%99%E3%81%98%E3%83%8D%E3%82%BF%E3%83%90%E3%83%AC%E6%84%9F%E6%83%B3"
"華◆猟罪図鑑〜見えない肖像画〜＃２[字]【連日一挙】　▼タン・ジェンツー","衛星劇場","衛星劇場 12-25 07:30","https://poupe.hatenadiary.jp/entry/2023/01/20/%E7%8C%9F%E7%BD%AA%E5%9B%B3%E9%91%91_%E3%80%9C%E8%A6%8B%E3%81%88%E3%81%AA%E3%81%84%E8%82%96%E5%83%8F%E7%94%BB%E3%80%9C_%E5%85%A8%E8%A9%B1%E6%84%9F%E6%83%B3"
"中国◇贅婿［ぜいせい］〜ムコ殿は天才策士〜　＃２２（字幕版）","J:COM BS","J:COM BS 12-25 10:00","https://poupe.hatenadiary.jp/entry/2022/06/09/%E3%80%8E%E8%B4%85%E5%A9%BF_%E3%80%9C%E3%83%A0%E3%82%B3%E6%AE%BF%E3%81%AF%E5%A4%A9%E6%89%8D%E7%AD%96%E5%A3%AB%E3%80%9C%E3%80%8F%E5%85%A8%E8%A9%B1%E3%81%82%E3%82%89%E3%81%99%E3%81%98%E3%83%8D%E3%82%BF"
"華◆蓮花楼（れんかろう）＃２８［字］チョン・イー主演","LaLa TV","LaLa TV 12-25 14:00","https://poupe.hatenadiary.jp/entry/2023/07/24/%E3%80%8E%E8%93%AE%E8%8A%B1%E6%A5%BC%E3%80%8F_%E5%85%A8%E8%A9%B1_%E3%81%82%E3%82%89%E3%81%99%E3%81%98%E3%83%8D%E3%82%BF%E3%83%90%E3%83%AC%E6%84%9F%E6%83%B3"
"天啓異聞録","BS12","BS12 12-25 15:00","https://bangumi.org/tv_events/AlCwDeOaMAE?from=search"
"中国◇劉皇后の仰せのままに　＃２２（字幕版）","J:COM BS","J:COM BS 12-25 17:00","https://poupe.hatenadiary.jp/entry/2024/03/09/%E3%80%8E%E5%8A%89%E7%9A%87%E5%90%8E%E3%81%AE%E4%BB%B0%E3%81%9B%E3%81%AE%E3%81%BE%E3%81%BE%E3%81%AB%E3%80%8F%E5%85%A8%E8%A9%B1%E3%81%82%E3%82%89%E3%81%99%E3%81%98%E3%83%8D%E3%82%BF%E3%83%90%E3%83%AC"
"[中]#15 千輪桃花〜永遠に咲き誇る愛〜<字>【日本初放送】","アジアドラマチックTV（アジドラ）","アジアドラマチックTV（アジドラ） 12-25 17:30, 01-02 02:30","https://poupe.hatenadiary.jp/entry/2025/01/02/%E3%80%8E%E5%8D%83%E6%9C%B5%E6%A1%83%E8%8A%B1%E4%B8%80%E4%B8%96%E5%BC%80%E3%80%8F%E5%85%A8%E8%A9%B1%E3%81%82%E3%82%89%E3%81%99%E3%81%98%E3%83%8D%E3%82%BF%E3%83%90%E3%83%AC%E6%84%9F%E6%83%B3"
"華◆素敵な恋の咲かせかた＃３[字]　▼ジャン・リンホー","ホームドラマチャンネル","ホームドラマチャンネル 12-25 19:05","https://poupe.hatenadiary.jp/entry/2025/02/25/%E3%80%8E%E7%88%B1%E4%BD%A0%E3%80%8F%E5%85%A8%E8%A9%B1%E3%81%82%E3%82%89%E3%81%99%E3%81%98%E3%83%8D%E3%82%BF%E3%83%90%E3%83%AC%E6%84%9F%E6%83%B3"
"華◆大夢帰離〜明かせぬ想い、宿命の朱〜＃２７[字]【日本初】　▼ホウ・ミンハオ","衛星劇場","衛星劇場 12-25 21:00","https://poupe.hatenadiary.jp/entry/2024/10/26/%E3%80%8E%E5%A4%A7%E5%A4%A2%E5%B8%B0%E9%9B%A2%E3%80%8F%E5%85%A8%E8%A9%B1%E3%81%82%E3%82%89%E3%81%99%E3%81%98%E3%83%8D%E3%82%BF%E3%83%90%E3%83%AC%E6%84%9F%E6%83%B3"
"華◆大夢帰離〜明かせぬ想い、宿命の朱〜＃２８[字]【日本初】　▼ホウ・ミンハオ","衛星劇場","衛星劇場 12-25 22:00","https://poupe.hatenadiary.jp/entry/2024/10/26/%E3%80%8E%E5%A4%A7%E5%A4%A2%E5%B8%B0%E9%9B%A2%E3%80%8F%E5%85%A8%E8%A9%B1%E3%81%82%E3%82%89%E3%81%99%E3%81%98%E3%83%8D%E3%82%BF%E3%83%90%E3%83%AC%E6%84%9F%E6%83%B3"
"華◆マイ・ラブ スーパースター＃１５［字］","LaLa TV","LaLa TV 12-26 01:00","https://tvguide.myjcom.jp/r/?id=055720251226010000"
"[中]#11 このロマンスはフィクションだから<字>【日本初放送】","アジアドラマチックTV（アジドラ）","アジアドラマチックTV（アジドラ） 12-26 01:30","https://tvguide.myjcom.jp/r/?id=055220251226013000"
"華◆癒やしの恋人〜ロマンスの処方箋〜＃１１[字]【ノーカット】　▼レオ・ロー","ホームドラマチャンネル","ホームドラマチャンネル 12-26 02:00","https://poupe.hatenadiary.jp/entry/2023/11/04/%E3%80%8E%E6%B2%BB%E6%84%88%E7%B3%BB%E6%81%8B%E4%BA%BA%E3%80%8F_%E5%85%A8%E8%A9%B1%E3%81%82%E3%82%89%E3%81%99%E3%81%98%E3%83%8D%E3%82%BF%E3%83%90%E3%83%AC%E6%84%9F%E6%83%B3"
"華◆マイ・ラブ スーパースター＃１６［字］","LaLa TV","LaLa TV 12-26 02:00","https://tvguide.myjcom.jp/r/?id=055720251226020000"
"[中]#13 千輪桃花〜永遠に咲き誇る愛〜<字>【日本初放送】","アジアドラマチックTV（アジドラ）","アジアドラマチックTV（アジドラ） 12-26 02:30","https://poupe.hatenadiary.jp/entry/2025/01/02/%E3%80%8E%E5%8D%83%E6%9C%B5%E6%A1%83%E8%8A%B1%E4%B8%80%E4%B8%96%E5%BC%80%E3%80%8F%E5%85%A8%E8%A9%B1%E3%81%82%E3%82%89%E3%81%99%E3%81%98%E3%83%8D%E3%82%BF%E3%83%90%E3%83%AC%E6%84%9F%E6%83%B3"
"華◆花渓記（かけいき）〜君が空から舞い降りて〜＃２７［字］","LaLa TV","LaLa TV 12-26 03:00","https://tvguide.myjcom.jp/r/?id=055720251226030000"
"[中]#36 柳舟恋記〜皇子とかりそめの花嫁〜<字>【日本初放送】","アジアドラマチックTV（アジドラ）","アジアドラマチックTV（アジドラ） 12-26 05:00","https://poupe.hatenadiary.jp/entry/2024/08/12/%E3%80%8E%E6%9F%B3%E8%88%9F%E8%A8%98%E3%80%8F%E5%85%A8%E8%A9%B1%E3%81%82%E3%82%89%E3%81%99%E3%81%98%E3%83%8D%E3%82%BF%E3%83%90%E3%83%AC%E6%84%9F%E6%83%B3"
"中国◇劉皇后の仰せのままに　＃２２（字幕版）[再]","J:COM BS","J:COM BS 12-26 05:30","https://poupe.hatenadiary.jp/entry/2024/03/09/%E3%80%8E%E5%8A%89%E7%9A%87%E5%90%8E%E3%81%AE%E4%BB%B0%E3%81%9B%E3%81%AE%E3%81%BE%E3%81%BE%E3%81%AB%E3%80%8F%E5%85%A8%E8%A9%B1%E3%81%82%E3%82%89%E3%81%99%E3%81%98%E3%83%8D%E3%82%BF%E3%83%90%E3%83%AC"
"華◆恋心が芽吹く頃〜Blooming Days〜＃２２［字］","LaLa TV","LaLa TV 12-26 07:00","https://poupe.hatenadiary.jp/entry/2023/10/24/%E3%80%8E%E6%AD%B3%E6%AD%B3%E9%9D%92%E8%93%AE%E3%80%8F_%E5%85%A8%E8%A9%B1%E3%81%82%E3%82%89%E3%81%99%E3%81%98%E3%83%8D%E3%82%BF%E3%83%90%E3%83%AC%E6%84%9F%E6%83%B3"
"華◆猟罪図鑑〜見えない肖像画〜＃３[字]【連日一挙】　▼タン・ジェンツー","衛星劇場","衛星劇場 12-26 07:30","https://poupe.hatenadiary.jp/entry/2023/01/20/%E7%8C%9F%E7%BD%AA%E5%9B%B3%E9%91%91_%E3%80%9C%E8%A6%8B%E3%81%88%E3%81%AA%E3%81%84%E8%82%96%E5%83%8F%E7%94%BB%E3%80%9C_%E5%85%A8%E8%A9%B1%E6%84%9F%E6%83%B3"
"中国◇贅婿［ぜいせい］〜ムコ殿は天才策士〜　＃２３（字幕版）","J:COM BS","J:COM BS 12-26 10:00","https://poupe.hatenadiary.jp/entry/2022/06/09/%E3%80%8E%E8%B4%85%E5%A9%BF_%E3%80%9C%E3%83%A0%E3%82%B3%E6%AE%BF%E3%81%AF%E5%A4%A9%E6%89%8D%E7%AD%96%E5%A3%AB%E3%80%9C%E3%80%8F%E5%85%A8%E8%A9%B1%E3%81%82%E3%82%89%E3%81%99%E3%81%98%E3%83%8D%E3%82%BF"
"華◆蓮花楼（れんかろう）＃２９［字］チョン・イー主演","LaLa TV","LaLa TV 12-26 14:00","https://poupe.hatenadiary.jp/entry/2023/07/24/%E3%80%8E%E8%93%AE%E8%8A%B1%E6%A5%BC%E3%80%8F_%E5%85%A8%E8%A9%B1_%E3%81%82%E3%82%89%E3%81%99%E3%81%98%E3%83%8D%E3%82%BF%E3%83%90%E3%83%AC%E6%84%9F%E6%83%B3"
"中国◇劉皇后の仰せのままに　＃２３（字幕版）","J:COM BS","J:COM BS 12-26 17:00","https://poupe.hatenadiary.jp/entry/2024/03/09/%E3%80%8E%E5%8A%89%E7%9A%87%E5%90%8E%E3%81%AE%E4%BB%B0%E3%81%9B%E3%81%AE%E3%81%BE%E3%81%BE%E3%81%AB%E3%80%8F%E5%85%A8%E8%A9%B1%E3%81%82%E3%82%89%E3%81%99%E3%81%98%E3%83%8D%E3%82%BF%E3%83%90%E3%83%AC"
"[中]#16 千輪桃花〜永遠に咲き誇る愛〜<字>【日本初放送】","アジアドラマチックTV（アジドラ）","アジアドラマチックTV（アジドラ） 12-26 17:30, 01-03 02:30","https://poupe.hatenadiary.jp/entry/2025/01/02/%E3%80%8E%E5%8D%83%E6%9C%B5%E6%A1%83%E8%8A%B1%E4%B8%80%E4%B8%96%E5%BC%80%E3%80%8F%E5%85%A8%E8%A9%B1%E3%81%82%E3%82%89%E3%81%99%E3%81%98%E3%83%8D%E3%82%BF%E3%83%90%E3%83%AC%E6%84%9F%E6%83%B3"
"【中国時代劇】四海重明〜恋が光となる、その時まで〜＃１９[字]▼ジャン・リンホー","ホームドラマチャンネル","ホームドラマチャンネル 12-26 19:00","https://poupe.hatenadiary.jp/entry/2024/08/01/%E3%80%8E%E5%9B%9B%E6%B5%B7%E9%87%8D%E6%98%8E%E3%80%8F%E5%85%A8%E8%A9%B1%E3%81%82%E3%82%89%E3%81%99%E3%81%98%E3%83%8D%E3%82%BF%E3%83%90%E3%83%AC%E6%84%9F%E6%83%B3"
"【中国時代劇】四海重明〜恋が光となる、その時まで〜＃２０[字]▼ジャン・リンホー","ホームドラマチャンネル","ホームドラマチャンネル 12-26 20:00","https://poupe.hatenadiary.jp/entry/2024/08/01/%E3%80%8E%E5%9B%9B%E6%B5%B7%E9%87%8D%E6%98%8E%E3%80%8F%E5%85%A8%E8%A9%B1%E3%81%82%E3%82%89%E3%81%99%E3%81%98%E3%83%8D%E3%82%BF%E3%83%90%E3%83%AC%E6%84%9F%E6%83%B3"
"華◆マイ・ラブ スーパースター＃１７［字］","LaLa TV","LaLa TV 12-27 01:00","https://tvguide.myjcom.jp/r/?id=055720251227010000"
"[中]#12 このロマンスはフィクションだから<字>【日本初放送】","アジアドラマチックTV（アジドラ）","アジアドラマチックTV（アジドラ） 12-27 01:30","https://tvguide.myjcom.jp/r/?id=055220251227013000"
"華◆マイ・ラブ スーパースター＃１８［字］","LaLa TV","LaLa TV 12-27 02:00","https://tvguide.myjcom.jp/r/?id=055720251227020000"
"[中]#14 千輪桃花〜永遠に咲き誇る愛〜<字>【日本初放送】","アジアドラマチックTV（アジドラ）","アジアドラマチックTV（アジドラ） 12-27 02:30","https://poupe.hatenadiary.jp/entry/2025/01/02/%E3%80%8E%E5%8D%83%E6%9C%B5%E6%A1%83%E8%8A%B1%E4%B8%80%E4%B8%96%E5%BC%80%E3%80%8F%E5%85%A8%E8%A9%B1%E3%81%82%E3%82%89%E3%81%99%E3%81%98%E3%83%8D%E3%82%BF%E3%83%90%E3%83%AC%E6%84%9F%E6%83%B3"
"華◆花渓記（かけいき）〜君が空から舞い降りて〜＃２８［字］","LaLa TV","LaLa TV 12-27 03:00","https://tvguide.myjcom.jp/r/?id=055720251227030000"
"華◆風起洛陽〜神都に翔ける蒼き炎〜＃１１[字]","衛星劇場","衛星劇場 12-27 06:00","https://poupe.hatenadiary.jp/entry/2024/03/13/%E3%80%8E%E9%A2%A8%E8%B5%B7%E6%B4%9B%E9%99%BD%E3%80%8F_%E5%85%A8%E8%A9%B1_%E3%81%82%E3%82%89%E3%81%99%E3%81%98%E3%83%8D%E3%82%BF%E3%83%90%E3%83%AC%E6%84%9F%E6%83%B3"
"華◆風起洛陽〜神都に翔ける蒼き炎〜＃１２[字]","衛星劇場","衛星劇場 12-27 07:00","https://poupe.hatenadiary.jp/entry/2024/03/13/%E3%80%8E%E9%A2%A8%E8%B5%B7%E6%B4%9B%E9%99%BD%E3%80%8F_%E5%85%A8%E8%A9%B1_%E3%81%82%E3%82%89%E3%81%99%E3%81%98%E3%83%8D%E3%82%BF%E3%83%90%E3%83%AC%E6%84%9F%E6%83%B3"
"中国◇蓮花楼　＃１３　因果は廻る（字幕版）","J:COM BS","J:COM BS 12-27 09:30","https://poupe.hatenadiary.jp/entry/2023/07/24/%E3%80%8E%E8%93%AE%E8%8A%B1%E6%A5%BC%E3%80%8F_%E5%85%A8%E8%A9%B1_%E3%81%82%E3%82%89%E3%81%99%E3%81%98%E3%83%8D%E3%82%BF%E3%83%90%E3%83%AC%E6%84%9F%E6%83%B3"
"中国◇蓮花楼　＃１４　密室の罠（字幕版）","J:COM BS","J:COM BS 12-27 11:00","https://poupe.hatenadiary.jp/entry/2023/07/24/%E3%80%8E%E8%93%AE%E8%8A%B1%E6%A5%BC%E3%80%8F_%E5%85%A8%E8%A9%B1_%E3%81%82%E3%82%89%E3%81%99%E3%81%98%E3%83%8D%E3%82%BF%E3%83%90%E3%83%AC%E6%84%9F%E6%83%B3"
"中国◇蓮花楼　＃１５　香りの記憶（字幕版）","J:COM BS","J:COM BS 12-27 12:30","https://poupe.hatenadiary.jp/entry/2023/07/24/%E3%80%8E%E8%93%AE%E8%8A%B1%E6%A5%BC%E3%80%8F_%E5%85%A8%E8%A9%B1_%E3%81%82%E3%82%89%E3%81%99%E3%81%98%E3%83%8D%E3%82%BF%E3%83%90%E3%83%AC%E6%84%9F%E6%83%B3"
"華◆四方館＃９[字]【日本初放送】　▼タン・ジェンツー、ジョウ・イーラン","衛星劇場","衛星劇場 12-27 13:00","https://poupe.hatenadiary.jp/entry/2024/08/23/%E3%80%8E%E5%9B%9B%E6%96%B9%E9%A4%A8%E3%80%8F%E5%85%A8%E8%A9%B1%E3%81%82%E3%82%89%E3%81%99%E3%81%98%E3%83%8D%E3%82%BF%E3%83%90%E3%83%AC%E6%84%9F%E6%83%B3"
"華◆寧安如夢（ねいあんにょむ）〜宮廷にふたたび舞い降りる愛〜＃２５［字］","LaLa TV","LaLa TV 12-27 14:00","https://poupe.hatenadiary.jp/entry/2023/11/07/%E3%80%8E%E5%AF%A7%E5%AE%89%E5%A6%82%E5%A4%A2%E3%80%8F_%E5%85%A8%E8%A9%B1_%E3%81%82%E3%82%89%E3%81%99%E3%81%98%E3%83%8D%E3%82%BF%E3%83%90%E3%83%AC%E6%84%9F%E6%83%B3"
"華◆四方館＃１０[字]【日本初放送】　▼タン・ジェンツー、ジョウ・イーラン","衛星劇場","衛星劇場 12-27 14:00","https://poupe.hatenadiary.jp/entry/2024/08/23/%E3%80%8E%E5%9B%9B%E6%96%B9%E9%A4%A8%E3%80%8F%E5%85%A8%E8%A9%B1%E3%81%82%E3%82%89%E3%81%99%E3%81%98%E3%83%8D%E3%82%BF%E3%83%90%E3%83%AC%E6%84%9F%E6%83%B3"
"中国◇蓮花楼　＃１６　月見酒（字幕版）","J:COM BS","J:COM BS 12-27 14:00","https://poupe.hatenadiary.jp/entry/2023/07/24/%E3%80%8E%E8%93%AE%E8%8A%B1%E6%A5%BC%E3%80%8F_%E5%85%A8%E8%A9%B1_%E3%81%82%E3%82%89%E3%81%99%E3%81%98%E3%83%8D%E3%82%BF%E3%83%90%E3%83%AC%E6%84%9F%E6%83%B3"
"華◆寧安如夢（ねいあんにょむ）〜宮廷にふたたび舞い降りる愛〜＃２６［字］","LaLa TV","LaLa TV 12-27 15:00","https://poupe.hatenadiary.jp/entry/2023/11/07/%E3%80%8E%E5%AF%A7%E5%AE%89%E5%A6%82%E5%A4%A2%E3%80%8F_%E5%85%A8%E8%A9%B1_%E3%81%82%E3%82%89%E3%81%99%E3%81%98%E3%83%8D%E3%82%BF%E3%83%90%E3%83%AC%E6%84%9F%E6%83%B3"
"華◆似錦 〜華めく運命〜＃３[字]【日本初放送】　▼ジャン・ワンイー","衛星劇場","衛星劇場 12-27 15:00","https://poupe.hatenadiary.jp/entry/2025/03/01/%E3%80%8E%E4%BC%BC%E9%8C%A6%E3%80%8F%E5%85%A8%E8%A9%B1%E3%81%82%E3%82%89%E3%81%99%E3%81%98%E3%83%8D%E3%82%BF%E3%83%90%E3%83%AC%E6%84%9F%E6%83%B3"
"中国◇蓮花楼　＃１７　一番甘い飴（字幕版）","J:COM BS","J:COM BS 12-27 15:30","https://poupe.hatenadiary.jp/entry/2023/07/24/%E3%80%8E%E8%93%AE%E8%8A%B1%E6%A5%BC%E3%80%8F_%E5%85%A8%E8%A9%B1_%E3%81%82%E3%82%89%E3%81%99%E3%81%98%E3%83%8D%E3%82%BF%E3%83%90%E3%83%AC%E6%84%9F%E6%83%B3"
"華◆似錦 〜華めく運命〜＃４[字]【日本初放送】　▼ジャン・ワンイー","衛星劇場","衛星劇場 12-27 16:00","https://poupe.hatenadiary.jp/entry/2025/03/01/%E3%80%8E%E4%BC%BC%E9%8C%A6%E3%80%8F%E5%85%A8%E8%A9%B1%E3%81%82%E3%82%89%E3%81%99%E3%81%98%E3%83%8D%E3%82%BF%E3%83%90%E3%83%AC%E6%84%9F%E6%83%B3"
"華◆寧安如夢（ねいあんにょむ）〜宮廷にふたたび舞い降りる愛〜＃２７［字］","LaLa TV","LaLa TV 12-27 16:30","https://poupe.hatenadiary.jp/entry/2023/11/07/%E3%80%8E%E5%AF%A7%E5%AE%89%E5%A6%82%E5%A4%A2%E3%80%8F_%E5%85%A8%E8%A9%B1_%E3%81%82%E3%82%89%E3%81%99%E3%81%98%E3%83%8D%E3%82%BF%E3%83%90%E3%83%AC%E6%84%9F%E6%83%B3"
"華◆寧安如夢（ねいあんにょむ）〜宮廷にふたたび舞い降りる愛〜＃２８［字］","LaLa TV","LaLa TV 12-27 17:30","https://poupe.hatenadiary.jp/entry/2023/11/07/%E3%80%8E%E5%AF%A7%E5%AE%89%E5%A6%82%E5%A4%A2%E3%80%8F_%E5%85%A8%E8%A9%B1_%E3%81%82%E3%82%89%E3%81%99%E3%81%98%E3%83%8D%E3%82%BF%E3%83%90%E3%83%AC%E6%84%9F%E6%83%B3"
"華◆寧安如夢（ねいあんにょむ）〜宮廷にふたたび舞い降りる愛〜＃２９［字］","LaLa TV","LaLa TV 12-27 18:30","https://poupe.hatenadiary.jp/entry/2023/11/07/%E3%80%8E%E5%AF%A7%E5%AE%89%E5%A6%82%E5%A4%A2%E3%80%8F_%E5%85%A8%E8%A9%B1_%E3%81%82%E3%82%89%E3%81%99%E3%81%98%E3%83%8D%E3%82%BF%E3%83%90%E3%83%AC%E6%84%9F%E6%83%B3"
"華◆長楽曲〜白い愛、黒い罪〜＃１３［字］","LaLa TV","LaLa TV 12-27 20:00","https://poupe.hatenadiary.jp/entry/2024/08/26/%E3%80%8E%E9%95%B7%E6%A5%BD%E6%9B%B2%E3%80%8F%E5%85%A8%E8%A9%B1%E3%81%82%E3%82%89%E3%81%99%E3%81%98%E3%83%8D%E3%82%BF%E3%83%90%E3%83%AC%E6%84%9F%E6%83%B3"
"華◆長楽曲〜白い愛、黒い罪〜＃１４［字］","LaLa TV","LaLa TV 12-27 21:00","https://poupe.hatenadiary.jp/entry/2024/08/26/%E3%80%8E%E9%95%B7%E6%A5%BD%E6%9B%B2%E3%80%8F%E5%85%A8%E8%A9%B1%E3%81%82%E3%82%89%E3%81%99%E3%81%98%E3%83%8D%E3%82%BF%E3%83%90%E3%83%AC%E6%84%9F%E6%83%B3"
"華◆長楽曲〜白い愛、黒い罪〜＃１５［字］","LaLa TV","LaLa TV 12-27 22:00","https://poupe.hatenadiary.jp/entry/2024/08/26/%E3%80%8E%E9%95%B7%E6%A5%BD%E6%9B%B2%E3%80%8F%E5%85%A8%E8%A9%B1%E3%81%82%E3%82%89%E3%81%99%E3%81%98%E3%83%8D%E3%82%BF%E3%83%90%E3%83%AC%E6%84%9F%E6%83%B3"
"華◆長楽曲〜白い愛、黒い罪〜＃１６［字］","LaLa TV","LaLa TV 12-27 23:00","https://poupe.hatenadiary.jp/entry/2024/08/26/%E3%80%8E%E9%95%B7%E6%A5%BD%E6%9B%B2%E3%80%8F%E5%85%A8%E8%A9%B1%E3%81%82%E3%82%89%E3%81%99%E3%81%98%E3%83%8D%E3%82%BF%E3%83%90%E3%83%AC%E6%84%9F%E6%83%B3"
"華◆永夜星河（原題）＃２６[字]【アンコール】　▼ユー・シューシン","衛星劇場","衛星劇場 12-28 01:45","https://poupe.hatenadiary.jp/entry/2024/11/01/%E3%80%8E%E6%B0%B8%E5%A4%9C%E6%98%9F%E6%B2%B3%E3%80%8F%E5%85%A8%E8%A9%B1%E3%81%82%E3%82%89%E3%81%99%E3%81%98%E3%83%8D%E3%82%BF%E3%83%90%E3%83%AC%E6%84%9F%E6%83%B3"
"華◆永夜星河（原題）＃２７[字]【アンコール】　▼ユー・シューシン","衛星劇場","衛星劇場 12-28 02:35","https://poupe.hatenadiary.jp/entry/2024/11/01/%E3%80%8E%E6%B0%B8%E5%A4%9C%E6%98%9F%E6%B2%B3%E3%80%8F%E5%85%A8%E8%A9%B1%E3%81%82%E3%82%89%E3%81%99%E3%81%98%E3%83%8D%E3%82%BF%E3%83%90%E3%83%AC%E6%84%9F%E6%83%B3"
"華◆永夜星河（原題）＃２８[字]【アンコール】　▼ユー・シューシン","衛星劇場","衛星劇場 12-28 03:25","https://poupe.hatenadiary.jp/entry/2024/11/01/%E3%80%8E%E6%B0%B8%E5%A4%9C%E6%98%9F%E6%B2%B3%E3%80%8F%E5%85%A8%E8%A9%B1%E3%81%82%E3%82%89%E3%81%99%E3%81%98%E3%83%8D%E3%82%BF%E3%83%90%E3%83%AC%E6%84%9F%E6%83%B3"
"華◆今日も、君を想ってる＃５[字]【ノーカット】　▼タン・ジェンツー","ホームドラマチャンネル","ホームドラマチャンネル 12-28 04:00","https://poupe.hatenadiary.jp/entry/2023/12/03/%E3%80%8E%E5%BE%88%E6%83%B3%E5%BE%88%E6%83%B3%E4%BD%A0%E3%80%8F_%E5%85%A8%E8%A9%B1%E3%81%82%E3%82%89%E3%81%99%E3%81%98%E3%83%8D%E3%82%BF%E3%83%90%E3%83%AC%E6%84%9F%E6%83%B3"
"華◆永夜星河（原題）＃２９[字]【アンコール】　▼ユー・シューシン","衛星劇場","衛星劇場 12-28 04:15","https://poupe.hatenadiary.jp/entry/2024/11/01/%E3%80%8E%E6%B0%B8%E5%A4%9C%E6%98%9F%E6%B2%B3%E3%80%8F%E5%85%A8%E8%A9%B1%E3%81%82%E3%82%89%E3%81%99%E3%81%98%E3%83%8D%E3%82%BF%E3%83%90%E3%83%AC%E6%84%9F%E6%83%B3"
"華◆今日も、君を想ってる＃６[字]【ノーカット】　▼タン・ジェンツー","ホームドラマチャンネル","ホームドラマチャンネル 12-28 04:50","https://poupe.hatenadiary.jp/entry/2023/12/03/%E3%80%8E%E5%BE%88%E6%83%B3%E5%BE%88%E6%83%B3%E4%BD%A0%E3%80%8F_%E5%85%A8%E8%A9%B1%E3%81%82%E3%82%89%E3%81%99%E3%81%98%E3%83%8D%E3%82%BF%E3%83%90%E3%83%AC%E6%84%9F%E6%83%B3"
"華◆永夜星河（原題）＃３０[字]【アンコール】　▼ユー・シューシン","衛星劇場","衛星劇場 12-28 05:10","https://poupe.hatenadiary.jp/entry/2024/11/01/%E3%80%8E%E6%B0%B8%E5%A4%9C%E6%98%9F%E6%B2%B3%E3%80%8F%E5%85%A8%E8%A9%B1%E3%81%82%E3%82%89%E3%81%99%E3%81%98%E3%83%8D%E3%82%BF%E3%83%90%E3%83%AC%E6%84%9F%E6%83%B3"
"華◆今日も、君を想ってる＃７[字]【ノーカット】　▼タン・ジェンツー","ホームドラマチャンネル","ホームドラマチャンネル 12-28 05:40","https://poupe.hatenadiary.jp/entry/2023/12/03/%E3%80%8E%E5%BE%88%E6%83%B3%E5%BE%88%E6%83%B3%E4%BD%A0%E3%80%8F_%E5%85%A8%E8%A9%B1%E3%81%82%E3%82%89%E3%81%99%E3%81%98%E3%83%8D%E3%82%BF%E3%83%90%E3%83%AC%E6%84%9F%E6%83%B3"
"華◆風起洛陽〜神都に翔ける蒼き炎〜＃１３[字]","衛星劇場","衛星劇場 12-28 22:00, 01-03 06:00","https://poupe.hatenadiary.jp/entry/2024/03/13/%E3%80%8E%E9%A2%A8%E8%B5%B7%E6%B4%9B%E9%99%BD%E3%80%8F_%E5%85%A8%E8%A9%B1_%E3%81%82%E3%82%89%E3%81%99%E3%81%98%E3%83%8D%E3%82%BF%E3%83%90%E3%83%AC%E6%84%9F%E6%83%B3"
"華◆風起洛陽〜神都に翔ける蒼き炎〜＃１４[字]","衛星劇場","衛星劇場 12-28 23:00, 01-03 07:00","https://poupe.hatenadiary.jp/entry/2024/03/13/%E3%80%8E%E9%A2%A8%E8%B5%B7%E6%B4%9B%E9%99%BD%E3%80%8F_%E5%85%A8%E8%A9%B1_%E3%81%82%E3%82%89%E3%81%99%E3%81%98%E3%83%8D%E3%82%BF%E3%83%90%E3%83%AC%E6%84%9F%E6%83%B3"
"[中]#25 度華年 The Princess Royal<字>◆チャオ・ジンマイ","アジアドラマチックTV（アジドラ）","アジアドラマチックTV（アジドラ） 12-29 02:15","https://poupe.hatenadiary.jp/entry/2024/06/26/%E3%80%8E%E5%BA%A6%E8%8F%AF%E5%B9%B4%E3%80%8F%E5%85%A8%E8%A9%B1%E3%81%82%E3%82%89%E3%81%99%E3%81%98%E3%83%8D%E3%82%BF%E3%83%90%E3%83%AC%E6%84%9F%E6%83%B3"
"[中]#26 度華年 The Princess Royal<字>◆チャオ・ジンマイ","アジアドラマチックTV（アジドラ）","アジアドラマチックTV（アジドラ） 12-29 03:05","https://poupe.hatenadiary.jp/entry/2024/06/26/%E3%80%8E%E5%BA%A6%E8%8F%AF%E5%B9%B4%E3%80%8F%E5%85%A8%E8%A9%B1%E3%81%82%E3%82%89%E3%81%99%E3%81%98%E3%83%8D%E3%82%BF%E3%83%90%E3%83%AC%E6%84%9F%E6%83%B3"
"[中]#37 柳舟恋記〜皇子とかりそめの花嫁〜<字>【日本初放送】","アジアドラマチックTV（アジドラ）","アジアドラマチックTV（アジドラ） 12-29 05:00","https://poupe.hatenadiary.jp/entry/2024/08/12/%E3%80%8E%E6%9F%B3%E8%88%9F%E8%A8%98%E3%80%8F%E5%85%A8%E8%A9%B1%E3%81%82%E3%82%89%E3%81%99%E3%81%98%E3%83%8D%E3%82%BF%E3%83%90%E3%83%AC%E6%84%9F%E6%83%B3"
"中国◇劉皇后の仰せのままに　＃２３（字幕版）[再]","J:COM BS","J:COM BS 12-29 05:30","https://poupe.hatenadiary.jp/entry/2024/03/09/%E3%80%8E%E5%8A%89%E7%9A%87%E5%90%8E%E3%81%AE%E4%BB%B0%E3%81%9B%E3%81%AE%E3%81%BE%E3%81%BE%E3%81%AB%E3%80%8F%E5%85%A8%E8%A9%B1%E3%81%82%E3%82%89%E3%81%99%E3%81%98%E3%83%8D%E3%82%BF%E3%83%90%E3%83%AC"
"華◆恋心が芽吹く頃〜Blooming Days〜＃２３［字］","LaLa TV","LaLa TV 12-29 07:00","https://poupe.hatenadiary.jp/entry/2023/10/24/%E3%80%8E%E6%AD%B3%E6%AD%B3%E9%9D%92%E8%93%AE%E3%80%8F_%E5%85%A8%E8%A9%B1%E3%81%82%E3%82%89%E3%81%99%E3%81%98%E3%83%8D%E3%82%BF%E3%83%90%E3%83%AC%E6%84%9F%E6%83%B3"
"華◆猟罪図鑑〜見えない肖像画〜＃４[字]【連日一挙】　▼タン・ジェンツー","衛星劇場","衛星劇場 12-29 07:30","https://poupe.hatenadiary.jp/entry/2023/01/20/%E7%8C%9F%E7%BD%AA%E5%9B%B3%E9%91%91_%E3%80%9C%E8%A6%8B%E3%81%88%E3%81%AA%E3%81%84%E8%82%96%E5%83%8F%E7%94%BB%E3%80%9C_%E5%85%A8%E8%A9%B1%E6%84%9F%E6%83%B3"
"中国◇贅婿［ぜいせい］〜ムコ殿は天才策士〜　＃２４（字幕版）","J:COM BS","J:COM BS 12-29 10:00","https://poupe.hatenadiary.jp/entry/2022/06/09/%E3%80%8E%E8%B4%85%E5%A9%BF_%E3%80%9C%E3%83%A0%E3%82%B3%E6%AE%BF%E3%81%AF%E5%A4%A9%E6%89%8D%E7%AD%96%E5%A3%AB%E3%80%9C%E3%80%8F%E5%85%A8%E8%A9%B1%E3%81%82%E3%82%89%E3%81%99%E3%81%98%E3%83%8D%E3%82%BF"
"華◆蓮花楼（れんかろう）＃３０［字］チョン・イー主演","LaLa TV","LaLa TV 12-29 14:00","https://poupe.hatenadiary.jp/entry/2023/07/24/%E3%80%8E%E8%93%AE%E8%8A%B1%E6%A5%BC%E3%80%8F_%E5%85%A8%E8%A9%B1_%E3%81%82%E3%82%89%E3%81%99%E3%81%98%E3%83%8D%E3%82%BF%E3%83%90%E3%83%AC%E6%84%9F%E6%83%B3"
"中国◇劉皇后の仰せのままに　＃２４（字幕版）","J:COM BS","J:COM BS 12-29 17:00","https://poupe.hatenadiary.jp/entry/2024/03/09/%E3%80%8E%E5%8A%89%E7%9A%87%E5%90%8E%E3%81%AE%E4%BB%B0%E3%81%9B%E3%81%AE%E3%81%BE%E3%81%BE%E3%81%AB%E3%80%8F%E5%85%A8%E8%A9%B1%E3%81%82%E3%82%89%E3%81%99%E3%81%98%E3%83%8D%E3%82%BF%E3%83%90%E3%83%AC"
"[中]#28 度華年 The Princess Royal<字>◆チャオ・ジンマイ","アジアドラマチックTV（アジドラ）","アジアドラマチックTV（アジドラ） 12-29 17:30","https://poupe.hatenadiary.jp/entry/2024/06/26/%E3%80%8E%E5%BA%A6%E8%8F%AF%E5%B9%B4%E3%80%8F%E5%85%A8%E8%A9%B1%E3%81%82%E3%82%89%E3%81%99%E3%81%98%E3%83%8D%E3%82%BF%E3%83%90%E3%83%AC%E6%84%9F%E6%83%B3"
"華◆四方館＃１１[字]【日本初放送】　▼タン・ジェンツー、ジョウ・イーラン","衛星劇場","衛星劇場 12-29 21:00, 01-03 13:00","https://poupe.hatenadiary.jp/entry/2024/08/23/%E3%80%8E%E5%9B%9B%E6%96%B9%E9%A4%A8%E3%80%8F%E5%85%A8%E8%A9%B1%E3%81%82%E3%82%89%E3%81%99%E3%81%98%E3%83%8D%E3%82%BF%E3%83%90%E3%83%AC%E6%84%9F%E6%83%B3"
"華◆四方館＃１２[字]【日本初放送】　▼タン・ジェンツー、ジョウ・イーラン","衛星劇場","衛星劇場 12-29 22:00, 01-03 14:00","https://poupe.hatenadiary.jp/entry/2024/08/23/%E3%80%8E%E5%9B%9B%E6%96%B9%E9%A4%A8%E3%80%8F%E5%85%A8%E8%A9%B1%E3%81%82%E3%82%89%E3%81%99%E3%81%98%E3%83%8D%E3%82%BF%E3%83%90%E3%83%AC%E6%84%9F%E6%83%B3"
"華◆マイ・ラブ スーパースター＃１９［字］","LaLa TV","LaLa TV 12-30 01:00","https://tvguide.myjcom.jp/r/?id=055720251230010000"
"[中]#13 このロマンスはフィクションだから<字>【日本初放送】","アジアドラマチックTV（アジドラ）","アジアドラマチックTV（アジドラ） 12-30 01:30","https://tvguide.myjcom.jp/r/?id=055220251230013000"
"華◆マイ・ラブ スーパースター＃２０［字］","LaLa TV","LaLa TV 12-30 02:00","https://tvguide.myjcom.jp/r/?id=055720251230020000"
"[中]#12 度華年 The Princess Royal<字>◆チャオ・ジンマイ","アジアドラマチックTV（アジドラ）","アジアドラマチックTV（アジドラ） 12-30 02:30","https://poupe.hatenadiary.jp/entry/2024/06/26/%E3%80%8E%E5%BA%A6%E8%8F%AF%E5%B9%B4%E3%80%8F%E5%85%A8%E8%A9%B1%E3%81%82%E3%82%89%E3%81%99%E3%81%98%E3%83%8D%E3%82%BF%E3%83%90%E3%83%AC%E6%84%9F%E6%83%B3"
"華◆花渓記（かけいき）〜君が空から舞い降りて〜＃２９［字］","LaLa TV","LaLa TV 12-30 03:00","https://tvguide.myjcom.jp/r/?id=055720251230030000"
"[中]#38 柳舟恋記〜皇子とかりそめの花嫁〜<字>【日本初放送】","アジアドラマチックTV（アジドラ）","アジアドラマチックTV（アジドラ） 12-30 05:00","https://poupe.hatenadiary.jp/entry/2024/08/12/%E3%80%8E%E6%9F%B3%E8%88%9F%E8%A8%98%E3%80%8F%E5%85%A8%E8%A9%B1%E3%81%82%E3%82%89%E3%81%99%E3%81%98%E3%83%8D%E3%82%BF%E3%83%90%E3%83%AC%E6%84%9F%E6%83%B3"
"中国◇劉皇后の仰せのままに　＃２４（字幕版）[再]","J:COM BS","J:COM BS 12-30 05:30","https://poupe.hatenadiary.jp/entry/2024/03/09/%E3%80%8E%E5%8A%89%E7%9A%87%E5%90%8E%E3%81%AE%E4%BB%B0%E3%81%9B%E3%81%AE%E3%81%BE%E3%81%BE%E3%81%AB%E3%80%8F%E5%85%A8%E8%A9%B1%E3%81%82%E3%82%89%E3%81%99%E3%81%98%E3%83%8D%E3%82%BF%E3%83%90%E3%83%AC"
"華◆恋心が芽吹く頃〜Blooming Days〜＃２４［字］","LaLa TV","LaLa TV 12-30 07:00","https://poupe.hatenadiary.jp/entry/2023/10/24/%E3%80%8E%E6%AD%B3%E6%AD%B3%E9%9D%92%E8%93%AE%E3%80%8F_%E5%85%A8%E8%A9%B1%E3%81%82%E3%82%89%E3%81%99%E3%81%98%E3%83%8D%E3%82%BF%E3%83%90%E3%83%AC%E6%84%9F%E6%83%B3"
"華◆猟罪図鑑〜見えない肖像画〜＃５[字]【連日一挙】　▼タン・ジェンツー","衛星劇場","衛星劇場 12-30 07:30","https://poupe.hatenadiary.jp/entry/2023/01/20/%E7%8C%9F%E7%BD%AA%E5%9B%B3%E9%91%91_%E3%80%9C%E8%A6%8B%E3%81%88%E3%81%AA%E3%81%84%E8%82%96%E5%83%8F%E7%94%BB%E3%80%9C_%E5%85%A8%E8%A9%B1%E6%84%9F%E6%83%B3"
"中国◇贅婿［ぜいせい］〜ムコ殿は天才策士〜　＃２５（字幕版）","J:COM BS","J:COM BS 12-30 10:00","https://poupe.hatenadiary.jp/entry/2022/06/09/%E3%80%8E%E8%B4%85%E5%A9%BF_%E3%80%9C%E3%83%A0%E3%82%B3%E6%AE%BF%E3%81%AF%E5%A4%A9%E6%89%8D%E7%AD%96%E5%A3%AB%E3%80%9C%E3%80%8F%E5%85%A8%E8%A9%B1%E3%81%82%E3%82%89%E3%81%99%E3%81%98%E3%83%8D%E3%82%BF"
"華◆蓮花楼（れんかろう）＃３１［字］チョン・イー主演","LaLa TV","LaLa TV 12-30 14:00","https://poupe.hatenadiary.jp/entry/2023/07/24/%E3%80%8E%E8%93%AE%E8%8A%B1%E6%A5%BC%E3%80%8F_%E5%85%A8%E8%A9%B1_%E3%81%82%E3%82%89%E3%81%99%E3%81%98%E3%83%8D%E3%82%BF%E3%83%90%E3%83%AC%E6%84%9F%E6%83%B3"
"中国◇劉皇后の仰せのままに　＃２５（字幕版）","J:COM BS","J:COM BS 12-30 17:00","https://poupe.hatenadiary.jp/entry/2024/03/09/%E3%80%8E%E5%8A%89%E7%9A%87%E5%90%8E%E3%81%AE%E4%BB%B0%E3%81%9B%E3%81%AE%E3%81%BE%E3%81%BE%E3%81%AB%E3%80%8F%E5%85%A8%E8%A9%B1%E3%81%82%E3%82%89%E3%81%99%E3%81%98%E3%83%8D%E3%82%BF%E3%83%90%E3%83%AC"
"[中]#29 度華年 The Princess Royal<字>◆チャオ・ジンマイ","アジアドラマチックTV（アジドラ）","アジアドラマチックTV（アジドラ） 12-30 17:30","https://poupe.hatenadiary.jp/entry/2024/06/26/%E3%80%8E%E5%BA%A6%E8%8F%AF%E5%B9%B4%E3%80%8F%E5%85%A8%E8%A9%B1%E3%81%82%E3%82%89%E3%81%99%E3%81%98%E3%83%8D%E3%82%BF%E3%83%90%E3%83%AC%E6%84%9F%E6%83%B3"
"華◆似錦 〜華めく運命〜＃５[字]【日本初放送】　▼ジャン・ワンイー","衛星劇場","衛星劇場 12-30 21:00, 01-03 15:00","https://poupe.hatenadiary.jp/entry/2025/03/01/%E3%80%8E%E4%BC%BC%E9%8C%A6%E3%80%8F%E5%85%A8%E8%A9%B1%E3%81%82%E3%82%89%E3%81%99%E3%81%98%E3%83%8D%E3%82%BF%E3%83%90%E3%83%AC%E6%84%9F%E6%83%B3"
"華◆似錦 〜華めく運命〜＃６[字]【日本初放送】　▼ジャン・ワンイー","衛星劇場","衛星劇場 12-30 22:00, 01-03 16:00","https://poupe.hatenadiary.jp/entry/2025/03/01/%E3%80%8E%E4%BC%BC%E9%8C%A6%E3%80%8F%E5%85%A8%E8%A9%B1%E3%81%82%E3%82%89%E3%81%99%E3%81%98%E3%83%8D%E3%82%BF%E3%83%90%E3%83%AC%E6%84%9F%E6%83%B3"
"華◆マイ・ラブ スーパースター＃２１［字］","LaLa TV","LaLa TV 12-31 01:00","https://tvguide.myjcom.jp/r/?id=055720251231010000"
"[中]#14 このロマンスはフィクションだから<字>【日本初放送】","アジアドラマチックTV（アジドラ）","アジアドラマチックTV（アジドラ） 12-31 01:30","https://tvguide.myjcom.jp/r/?id=055220251231013000"
"華◆マイ・ラブ スーパースター＃２２［字］","LaLa TV","LaLa TV 12-31 02:00","https://tvguide.myjcom.jp/r/?id=055720251231020000"
"[中]#13 度華年 The Princess Royal<字>◆チャオ・ジンマイ","アジアドラマチックTV（アジドラ）","アジアドラマチックTV（アジドラ） 12-31 02:30","https://poupe.hatenadiary.jp/entry/2024/06/26/%E3%80%8E%E5%BA%A6%E8%8F%AF%E5%B9%B4%E3%80%8F%E5%85%A8%E8%A9%B1%E3%81%82%E3%82%89%E3%81%99%E3%81%98%E3%83%8D%E3%82%BF%E3%83%90%E3%83%AC%E6%84%9F%E6%83%B3"
"華◆花渓記（かけいき）〜君が空から舞い降りて〜＃３０［字］","LaLa TV","LaLa TV 12-31 03:00","https://tvguide.myjcom.jp/r/?id=055720251231030000"
"[中]#39 柳舟恋記〜皇子とかりそめの花嫁〜<字>【日本初放送】","アジアドラマチックTV（アジドラ）","アジアドラマチックTV（アジドラ） 12-31 05:00","https://poupe.hatenadiary.jp/entry/2024/08/12/%E3%80%8E%E6%9F%B3%E8%88%9F%E8%A8%98%E3%80%8F%E5%85%A8%E8%A9%B1%E3%81%82%E3%82%89%E3%81%99%E3%81%98%E3%83%8D%E3%82%BF%E3%83%90%E3%83%AC%E6%84%9F%E6%83%B3"
"中国◇劉皇后の仰せのままに　＃２５（字幕版）[再]","J:COM BS","J:COM BS 12-31 05:30","https://poupe.hatenadiary.jp/entry/2024/03/09/%E3%80%8E%E5%8A%89%E7%9A%87%E5%90%8E%E3%81%AE%E4%BB%B0%E3%81%9B%E3%81%AE%E3%81%BE%E3%81%BE%E3%81%AB%E3%80%8F%E5%85%A8%E8%A9%B1%E3%81%82%E3%82%89%E3%81%99%E3%81%98%E3%83%8D%E3%82%BF%E3%83%90%E3%83%AC"
"華◆恋心が芽吹く頃〜Blooming Days〜＃２５［字］","LaLa TV","LaLa TV 12-31 07:00","https://poupe.hatenadiary.jp/entry/2023/10/24/%E3%80%8E%E6%AD%B3%E6%AD%B3%E9%9D%92%E8%93%AE%E3%80%8F_%E5%85%A8%E8%A9%B1%E3%81%82%E3%82%89%E3%81%99%E3%81%98%E3%83%8D%E3%82%BF%E3%83%90%E3%83%AC%E6%84%9F%E6%83%B3"
"華◆猟罪図鑑〜見えない肖像画〜＃６[字]【連日一挙】　▼タン・ジェンツー","衛星劇場","衛星劇場 12-31 07:30","https://poupe.hatenadiary.jp/entry/2023/01/20/%E7%8C%9F%E7%BD%AA%E5%9B%B3%E9%91%91_%E3%80%9C%E8%A6%8B%E3%81%88%E3%81%AA%E3%81%84%E8%82%96%E5%83%8F%E7%94%BB%E3%80%9C_%E5%85%A8%E8%A9%B1%E6%84%9F%E6%83%B3"
"中国◇贅婿［ぜいせい］〜ムコ殿は天才策士〜　＃２６（字幕版）","J:COM BS","J:COM BS 12-31 10:00","https://poupe.hatenadiary.jp/entry/2022/06/09/%E3%80%8E%E8%B4%85%E5%A9%BF_%E3%80%9C%E3%83%A0%E3%82%B3%E6%AE%BF%E3%81%AF%E5%A4%A9%E6%89%8D%E7%AD%96%E5%A3%AB%E3%80%9C%E3%80%8F%E5%85%A8%E8%A9%B1%E3%81%82%E3%82%89%E3%81%99%E3%81%98%E3%83%8D%E3%82%BF"
"華◆蓮花楼（れんかろう）＃３２［字］チョン・イー主演","LaLa TV","LaLa TV 12-31 14:00","https://poupe.hatenadiary.jp/entry/2023/07/24/%E3%80%8E%E8%93%AE%E8%8A%B1%E6%A5%BC%E3%80%8F_%E5%85%A8%E8%A9%B1_%E3%81%82%E3%82%89%E3%81%99%E3%81%98%E3%83%8D%E3%82%BF%E3%83%90%E3%83%AC%E6%84%9F%E6%83%B3"
"中国◇劉皇后の仰せのままに　＃２６（字幕版）","J:COM BS","J:COM BS 12-31 17:00","https://poupe.hatenadiary.jp/entry/2024/03/09/%E3%80%8E%E5%8A%89%E7%9A%87%E5%90%8E%E3%81%AE%E4%BB%B0%E3%81%9B%E3%81%AE%E3%81%BE%E3%81%BE%E3%81%AB%E3%80%8F%E5%85%A8%E8%A9%B1%E3%81%82%E3%82%89%E3%81%99%E3%81%98%E3%83%8D%E3%82%BF%E3%83%90%E3%83%AC"
"[中]#30 度華年 The Princess Royal<字>◆チャオ・ジンマイ","アジアドラマチックTV（アジドラ）","アジアドラマチックTV（アジドラ） 12-31 17:30","https://poupe.hatenadiary.jp/entry/2024/06/26/%E3%80%8E%E5%BA%A6%E8%8F%AF%E5%B9%B4%E3%80%8F%E5%85%A8%E8%A9%B1%E3%81%82%E3%82%89%E3%81%99%E3%81%98%E3%83%8D%E3%82%BF%E3%83%90%E3%83%AC%E6%84%9F%E6%83%B3"
"華◆マイ・ラブ スーパースター＃２３［字］","LaLa TV","LaLa TV 01-01 01:00","https://tvguide.myjcom.jp/r/?id=055720260101010000"
"[中]#15 このロマンスはフィクションだから<字>【日本初放送】","アジアドラマチックTV（アジドラ）","アジアドラマチックTV（アジドラ） 01-01 01:30","https://tvguide.myjcom.jp/r/?id=055220260101013000"
"華◆マイ・ラブ スーパースター＃２４［字］［終］","LaLa TV","LaLa TV 01-01 02:00","https://tvguide.myjcom.jp/r/?id=055720260101020000"
"[中]#14 度華年 The Princess Royal<字>◆チャオ・ジンマイ","アジアドラマチックTV（アジドラ）","アジアドラマチックTV（アジドラ） 01-01 02:30","https://poupe.hatenadiary.jp/entry/2024/06/26/%E3%80%8E%E5%BA%A6%E8%8F%AF%E5%B9%B4%E3%80%8F%E5%85%A8%E8%A9%B1%E3%81%82%E3%82%89%E3%81%99%E3%81%98%E3%83%8D%E3%82%BF%E3%83%90%E3%83%AC%E6%84%9F%E6%83%B3"
"華◆花渓記（かけいき）〜君が空から舞い降りて〜＃３１［字］","LaLa TV","LaLa TV 01-01 03:00","https://tvguide.myjcom.jp/r/?id=055720260101030000"
"[中](終) 柳舟恋記〜皇子とかりそめの花嫁〜<字>【日本初放送】","アジアドラマチックTV（アジドラ）","アジアドラマチックTV（アジドラ） 01-01 05:00","https://poupe.hatenadiary.jp/entry/2024/08/12/%E3%80%8E%E6%9F%B3%E8%88%9F%E8%A8%98%E3%80%8F%E5%85%A8%E8%A9%B1%E3%81%82%E3%82%89%E3%81%99%E3%81%98%E3%83%8D%E3%82%BF%E3%83%90%E3%83%AC%E6%84%9F%E6%83%B3"
"中国◇劉皇后の仰せのままに　＃２６（字幕版）[再]","J:COM BS","J:COM BS 01-01 05:30","https://poupe.hatenadiary.jp/entry/2024/03/09/%E3%80%8E%E5%8A%89%E7%9A%87%E5%90%8E%E3%81%AE%E4%BB%B0%E3%81%9B%E3%81%AE%E3%81%BE%E3%81%BE%E3%81%AB%E3%80%8F%E5%85%A8%E8%A9%B1%E3%81%82%E3%82%89%E3%81%99%E3%81%98%E3%83%8D%E3%82%BF%E3%83%90%E3%83%AC"
"華◆恋心が芽吹く頃〜Blooming Days〜＃２６［字］","LaLa TV","LaLa TV 01-01 07:00","https://poupe.hatenadiary.jp/entry/2023/10/24/%E3%80%8E%E6%AD%B3%E6%AD%B3%E9%9D%92%E8%93%AE%E3%80%8F_%E5%85%A8%E8%A9%B1%E3%81%82%E3%82%89%E3%81%99%E3%81%98%E3%83%8D%E3%82%BF%E3%83%90%E3%83%AC%E6%84%9F%E6%83%B3"
"中国◇贅婿［ぜいせい］〜ムコ殿は天才策士〜　＃２７（字幕版）","J:COM BS","J:COM BS 01-01 10:00","https://poupe.hatenadiary.jp/entry/2022/06/09/%E3%80%8E%E8%B4%85%E5%A9%BF_%E3%80%9C%E3%83%A0%E3%82%B3%E6%AE%BF%E3%81%AF%E5%A4%A9%E6%89%8D%E7%AD%96%E5%A3%AB%E3%80%9C%E3%80%8F%E5%85%A8%E8%A9%B1%E3%81%82%E3%82%89%E3%81%99%E3%81%98%E3%83%8D%E3%82%BF"
"華◆蓮花楼（れんかろう）＃３３［字］チョン・イー主演","LaLa TV","LaLa TV 01-01 14:00","https://poupe.hatenadiary.jp/entry/2023/07/24/%E3%80%8E%E8%93%AE%E8%8A%B1%E6%A5%BC%E3%80%8F_%E5%85%A8%E8%A9%B1_%E3%81%82%E3%82%89%E3%81%99%E3%81%98%E3%83%8D%E3%82%BF%E3%83%90%E3%83%AC%E6%84%9F%E6%83%B3"
"中国◇劉皇后の仰せのままに　＃２７（字幕版）","J:COM BS","J:COM BS 01-01 17:00","https://poupe.hatenadiary.jp/entry/2024/03/09/%E3%80%8E%E5%8A%89%E7%9A%87%E5%90%8E%E3%81%AE%E4%BB%B0%E3%81%9B%E3%81%AE%E3%81%BE%E3%81%BE%E3%81%AB%E3%80%8F%E5%85%A8%E8%A9%B1%E3%81%82%E3%82%89%E3%81%99%E3%81%98%E3%83%8D%E3%82%BF%E3%83%90%E3%83%AC"
"[中]#17 千輪桃花〜永遠に咲き誇る愛〜<字>【日本初放送】","アジアドラマチックTV（アジドラ）","アジアドラマチックTV（アジドラ） 01-01 17:30","https://poupe.hatenadiary.jp/entry/2025/01/02/%E3%80%8E%E5%8D%83%E6%9C%B5%E6%A1%83%E8%8A%B1%E4%B8%80%E4%B8%96%E5%BC%80%E3%80%8F%E5%85%A8%E8%A9%B1%E3%81%82%E3%82%89%E3%81%99%E3%81%98%E3%83%8D%E3%82%BF%E3%83%90%E3%83%AC%E6%84%9F%E6%83%B3"
"華◆玉骨遥（ぎょっこつよう）＃１［字］シャオ・ジャン主演！","LaLa TV","LaLa TV 01-02 01:00","https://poupe.hatenadiary.jp/entry/2023/07/03/%E3%80%8E%E7%8E%89%E9%AA%A8%E9%81%A5%E3%80%8F_%E5%85%A8%E8%A9%B1_%E3%81%82%E3%82%89%E3%81%99%E3%81%98%E3%83%8D%E3%82%BF%E3%83%90%E3%83%AC%E6%84%9F%E6%83%B3"
"[中]#16 このロマンスはフィクションだから<字>【日本初放送】","アジアドラマチックTV（アジドラ）","アジアドラマチックTV（アジドラ） 01-02 01:30","https://tvguide.myjcom.jp/r/?id=055220260102013000"
"華◆玉骨遥（ぎょっこつよう）＃２［字］シャオ・ジャン主演！","LaLa TV","LaLa TV 01-02 02:00","https://poupe.hatenadiary.jp/entry/2023/07/03/%E3%80%8E%E7%8E%89%E9%AA%A8%E9%81%A5%E3%80%8F_%E5%85%A8%E8%A9%B1_%E3%81%82%E3%82%89%E3%81%99%E3%81%98%E3%83%8D%E3%82%BF%E3%83%90%E3%83%AC%E6%84%9F%E6%83%B3"
"華◆花渓記（かけいき）〜君が空から舞い降りて〜＃３２［字］［終］","LaLa TV","LaLa TV 01-02 03:00","https://tvguide.myjcom.jp/r/?id=055720260102030000"
"[中]#01-02 愛憎の奴隷<字>【日本初放送】","アジアドラマチックTV（アジドラ）","アジアドラマチックTV（アジドラ） 01-02 05:00","https://tvguide.myjcom.jp/r/?id=055220260102050000"
"中国◇劉皇后の仰せのままに　＃２７（字幕版）[再]","J:COM BS","J:COM BS 01-02 05:30","https://poupe.hatenadiary.jp/entry/2024/03/09/%E3%80%8E%E5%8A%89%E7%9A%87%E5%90%8E%E3%81%AE%E4%BB%B0%E3%81%9B%E3%81%AE%E3%81%BE%E3%81%BE%E3%81%AB%E3%80%8F%E5%85%A8%E8%A9%B1%E3%81%82%E3%82%89%E3%81%99%E3%81%98%E3%83%8D%E3%82%BF%E3%83%90%E3%83%AC"
"華◆恋心が芽吹く頃〜Blooming Days〜＃２７［字］","LaLa TV","LaLa TV 01-02 07:00","https://poupe.hatenadiary.jp/entry/2023/10/24/%E3%80%8E%E6%AD%B3%E6%AD%B3%E9%9D%92%E8%93%AE%E3%80%8F_%E5%85%A8%E8%A9%B1%E3%81%82%E3%82%89%E3%81%99%E3%81%98%E3%83%8D%E3%82%BF%E3%83%90%E3%83%AC%E6%84%9F%E6%83%B3"
"華◆猟罪図鑑〜見えない肖像画〜＃７[字]【連日一挙】　▼タン・ジェンツー","衛星劇場","衛星劇場 01-02 07:30","https://poupe.hatenadiary.jp/entry/2023/01/20/%E7%8C%9F%E7%BD%AA%E5%9B%B3%E9%91%91_%E3%80%9C%E8%A6%8B%E3%81%88%E3%81%AA%E3%81%84%E8%82%96%E5%83%8F%E7%94%BB%E3%80%9C_%E5%85%A8%E8%A9%B1%E6%84%9F%E6%83%B3"
"中国◇贅婿［ぜいせい］〜ムコ殿は天才策士〜　＃２８（字幕版）","J:COM BS","J:COM BS 01-02 10:00","https://poupe.hatenadiary.jp/entry/2022/06/09/%E3%80%8E%E8%B4%85%E5%A9%BF_%E3%80%9C%E3%83%A0%E3%82%B3%E6%AE%BF%E3%81%AF%E5%A4%A9%E6%89%8D%E7%AD%96%E5%A3%AB%E3%80%9C%E3%80%8F%E5%85%A8%E8%A9%B1%E3%81%82%E3%82%89%E3%81%99%E3%81%98%E3%83%8D%E3%82%BF"
"華◆蓮花楼（れんかろう）＃３４［字］チョン・イー主演","LaLa TV","LaLa TV 01-02 14:00","https://poupe.hatenadiary.jp/entry/2023/07/24/%E3%80%8E%E8%93%AE%E8%8A%B1%E6%A5%BC%E3%80%8F_%E5%85%A8%E8%A9%B1_%E3%81%82%E3%82%89%E3%81%99%E3%81%98%E3%83%8D%E3%82%BF%E3%83%90%E3%83%AC%E6%84%9F%E6%83%B3"
"中国◇劉皇后の仰せのままに　＃２８（字幕版）","J:COM BS","J:COM BS 01-02 17:00","https://poupe.hatenadiary.jp/entry/2024/03/09/%E3%80%8E%E5%8A%89%E7%9A%87%E5%90%8E%E3%81%AE%E4%BB%B0%E3%81%9B%E3%81%AE%E3%81%BE%E3%81%BE%E3%81%AB%E3%80%8F%E5%85%A8%E8%A9%B1%E3%81%82%E3%82%89%E3%81%99%E3%81%98%E3%83%8D%E3%82%BF%E3%83%90%E3%83%AC"
"[中]#18 千輪桃花〜永遠に咲き誇る愛〜<字>【日本初放送】","アジアドラマチックTV（アジドラ）","アジアドラマチックTV（アジドラ） 01-02 17:30","https://poupe.hatenadiary.jp/entry/2025/01/02/%E3%80%8E%E5%8D%83%E6%9C%B5%E6%A1%83%E8%8A%B1%E4%B8%80%E4%B8%96%E5%BC%80%E3%80%8F%E5%85%A8%E8%A9%B1%E3%81%82%E3%82%89%E3%81%99%E3%81%98%E3%83%8D%E3%82%BF%E3%83%90%E3%83%AC%E6%84%9F%E6%83%B3"
"華◆玉骨遥（ぎょっこつよう）＃３［字］シャオ・ジャン主演！","LaLa TV","LaLa TV 01-03 01:00","https://poupe.hatenadiary.jp/entry/2023/07/03/%E3%80%8E%E7%8E%89%E9%AA%A8%E9%81%A5%E3%80%8F_%E5%85%A8%E8%A9%B1_%E3%81%82%E3%82%89%E3%81%99%E3%81%98%E3%83%8D%E3%82%BF%E3%83%90%E3%83%AC%E6%84%9F%E6%83%B3"
"[中]#17 このロマンスはフィクションだから<字>【日本初放送】","アジアドラマチックTV（アジドラ）","アジアドラマチックTV（アジドラ） 01-03 01:30","https://tvguide.myjcom.jp/r/?id=055220260103013000"
"華◆玉骨遥（ぎょっこつよう）＃４［字］シャオ・ジャン主演！","LaLa TV","LaLa TV 01-03 02:00","https://poupe.hatenadiary.jp/entry/2023/07/03/%E3%80%8E%E7%8E%89%E9%AA%A8%E9%81%A5%E3%80%8F_%E5%85%A8%E8%A9%B1_%E3%81%82%E3%82%89%E3%81%99%E3%81%98%E3%83%8D%E3%82%BF%E3%83%90%E3%83%AC%E6%84%9F%E6%83%B3"
"華◆祈今朝（ききんちょう）〜失われた記憶、共鳴する愛〜＃１［字］シュー・カイ","LaLa TV","LaLa TV 01-03 03:00","https://poupe.hatenadiary.jp/entry/2024/01/18/%E3%80%8E%E7%A5%88%E4%BB%8A%E6%9C%9D%E3%80%8F_%E5%85%A8%E8%A9%B1%E3%81%82%E3%82%89%E3%81%99%E3%81%98%E3%83%8D%E3%82%BF%E3%83%90%E3%83%AC%E6%84%9F%E6%83%B3"
"中国◇蓮花楼　＃１８　戻れない過去（字幕版）","J:COM BS","J:COM BS 01-03 09:30","https://poupe.hatenadiary.jp/entry/2023/07/24/%E3%80%8E%E8%93%AE%E8%8A%B1%E6%A5%BC%E3%80%8F_%E5%85%A8%E8%A9%B1_%E3%81%82%E3%82%89%E3%81%99%E3%81%98%E3%83%8D%E3%82%BF%E3%83%90%E3%83%AC%E6%84%9F%E6%83%B3"
"中国◇蓮花楼　＃１９ 名誉の行方（字幕版）","J:COM BS","J:COM BS 01-03 11:00","https://poupe.hatenadiary.jp/entry/2023/07/24/%E3%80%8E%E8%93%AE%E8%8A%B1%E6%A5%BC%E3%80%8F_%E5%85%A8%E8%A9%B1_%E3%81%82%E3%82%89%E3%81%99%E3%81%98%E3%83%8D%E3%82%BF%E3%83%90%E3%83%AC%E6%84%9F%E6%83%B3"
"中国◇蓮花楼　＃２０　点を結ぶ線（字幕版）","J:COM BS","J:COM BS 01-03 12:30","https://poupe.hatenadiary.jp/entry/2023/07/24/%E3%80%8E%E8%93%AE%E8%8A%B1%E6%A5%BC%E3%80%8F_%E5%85%A8%E8%A9%B1_%E3%81%82%E3%82%89%E3%81%99%E3%81%98%E3%83%8D%E3%82%BF%E3%83%90%E3%83%AC%E6%84%9F%E6%83%B3"
"中国◇蓮花楼　＃２１　侠客の矜持（字幕版）","J:COM BS","J:COM BS 01-03 14:00","https://poupe.hatenadiary.jp/entry/2023/07/24/%E3%80%8E%E8%93%AE%E8%8A%B1%E6%A5%BC%E3%80%8F_%E5%85%A8%E8%A9%B1_%E3%81%82%E3%82%89%E3%81%99%E3%81%98%E3%83%8D%E3%82%BF%E3%83%90%E3%83%AC%E6%84%9F%E6%83%B3"
"華◆寧安如夢（ねいあんにょむ）〜宮廷にふたたび舞い降りる愛〜＃３０［字］","LaLa TV","LaLa TV 01-03 14:00","https://poupe.hatenadiary.jp/entry/2023/11/07/%E3%80%8E%E5%AF%A7%E5%AE%89%E5%A6%82%E5%A4%A2%E3%80%8F_%E5%85%A8%E8%A9%B1_%E3%81%82%E3%82%89%E3%81%99%E3%81%98%E3%83%8D%E3%82%BF%E3%83%90%E3%83%AC%E6%84%9F%E6%83%B3"
"華◆寧安如夢（ねいあんにょむ）〜宮廷にふたたび舞い降りる愛〜＃３１［字］","LaLa TV","LaLa TV 01-03 15:00","https://poupe.hatenadiary.jp/entry/2023/11/07/%E3%80%8E%E5%AF%A7%E5%AE%89%E5%A6%82%E5%A4%A2%E3%80%8F_%E5%85%A8%E8%A9%B1_%E3%81%82%E3%82%89%E3%81%99%E3%81%98%E3%83%8D%E3%82%BF%E3%83%90%E3%83%AC%E6%84%9F%E6%83%B3"
"中国◇蓮花楼　＃２２　風流な宴（字幕版）","J:COM BS","J:COM BS 01-03 15:30","https://poupe.hatenadiary.jp/entry/2023/07/24/%E3%80%8E%E8%93%AE%E8%8A%B1%E6%A5%BC%E3%80%8F_%E5%85%A8%E8%A9%B1_%E3%81%82%E3%82%89%E3%81%99%E3%81%98%E3%83%8D%E3%82%BF%E3%83%90%E3%83%AC%E6%84%9F%E6%83%B3"
"華◆寧安如夢（ねいあんにょむ）〜宮廷にふたたび舞い降りる愛〜＃３２［字］","LaLa TV","LaLa TV 01-03 16:30","https://poupe.hatenadiary.jp/entry/2023/11/07/%E3%80%8E%E5%AF%A7%E5%AE%89%E5%A6%82%E5%A4%A2%E3%80%8F_%E5%85%A8%E8%A9%B1_%E3%81%82%E3%82%89%E3%81%99%E3%81%98%E3%83%8D%E3%82%BF%E3%83%90%E3%83%AC%E6%84%9F%E6%83%B3"
"華◆寧安如夢（ねいあんにょむ）〜宮廷にふたたび舞い降りる愛〜＃３３［字］","LaLa TV","LaLa TV 01-03 17:30","https://poupe.hatenadiary.jp/entry/2023/11/07/%E3%80%8E%E5%AF%A7%E5%AE%89%E5%A6%82%E5%A4%A2%E3%80%8F_%E5%85%A8%E8%A9%B1_%E3%81%82%E3%82%89%E3%81%99%E3%81%98%E3%83%8D%E3%82%BF%E3%83%90%E3%83%AC%E6%84%9F%E6%83%B3"
"華◆寧安如夢（ねいあんにょむ）〜宮廷にふたたび舞い降りる愛〜＃３４［字］","LaLa TV","LaLa TV 01-03 18:30","https://poupe.hatenadiary.jp/entry/2023/11/07/%E3%80%8E%E5%AF%A7%E5%AE%89%E5%A6%82%E5%A4%A2%E3%80%8F_%E5%85%A8%E8%A9%B1_%E3%81%82%E3%82%89%E3%81%99%E3%81%98%E3%83%8D%E3%82%BF%E3%83%90%E3%83%AC%E6%84%9F%E6%83%B3"
"華◆長楽曲〜白い愛、黒い罪〜＃１７［字］","LaLa TV","LaLa TV 01-03 20:00","https://poupe.hatenadiary.jp/entry/2024/08/26/%E3%80%8E%E9%95%B7%E6%A5%BD%E6%9B%B2%E3%80%8F%E5%85%A8%E8%A9%B1%E3%81%82%E3%82%89%E3%81%99%E3%81%98%E3%83%8D%E3%82%BF%E3%83%90%E3%83%AC%E6%84%9F%E6%83%B3"
"華◆長楽曲〜白い愛、黒い罪〜＃１８［字］","LaLa TV","LaLa TV 01-03 21:00","https://poupe.hatenadiary.jp/entry/2024/08/26/%E3%80%8E%E9%95%B7%E6%A5%BD%E6%9B%B2%E3%80%8F%E5%85%A8%E8%A9%B1%E3%81%82%E3%82%89%E3%81%99%E3%81%98%E3%83%8D%E3%82%BF%E3%83%90%E3%83%AC%E6%84%9F%E6%83%B3"
"華◆長楽曲〜白い愛、黒い罪〜＃１９［字］","LaLa TV","LaLa TV 01-03 22:00","https://poupe.hatenadiary.jp/entry/2024/08/26/%E3%80%8E%E9%95%B7%E6%A5%BD%E6%9B%B2%E3%80%8F%E5%85%A8%E8%A9%B1%E3%81%82%E3%82%89%E3%81%99%E3%81%98%E3%83%8D%E3%82%BF%E3%83%90%E3%83%AC%E6%84%9F%E6%83%B3"
"華◆長楽曲〜白い愛、黒い罪〜＃２０［字］","LaLa TV","LaLa TV 01-03 23:00","https://poupe.hatenadiary.jp/entry/2024/08/26/%E3%80%8E%E9%95%B7%E6%A5%BD%E6%9B%B2%E3%80%8F%E5%85%A8%E8%A9%B1%E3%81%82%E3%82%89%E3%81%99%E3%81%98%E3%83%8D%E3%82%BF%E3%83%90%E3%83%AC%E6%84%9F%E6%83%B3"
"【新】【中国時代劇】星月楼のキケンな恋人たち＃１-８[終][字]【ノーカット】","ホームドラマチャンネル","ホームドラマチャンネル 01-04 00:00","https://tvguide.myjcom.jp/r/?id=055520260104000000"
"華◆永夜星河（原題）＃３１[字]【アンコール】　▼ユー・シューシン","衛星劇場","衛星劇場 01-04 01:45","https://poupe.hatenadiary.jp/entry/2024/11/01/%E3%80%8E%E6%B0%B8%E5%A4%9C%E6%98%9F%E6%B2%B3%E3%80%8F%E5%85%A8%E8%A9%B1%E3%81%82%E3%82%89%E3%81%99%E3%81%98%E3%83%8D%E3%82%BF%E3%83%90%E3%83%AC%E6%84%9F%E6%83%B3"
"華◆永夜星河（原題）＃３２[終][字]【アンコール】　▼ユー・シューシン","衛星劇場","衛星劇場 01-04 02:40","https://poupe.hatenadiary.jp/entry/2024/11/01/%E3%80%8E%E6%B0%B8%E5%A4%9C%E6%98%9F%E6%B2%B3%E3%80%8F%E5%85%A8%E8%A9%B1%E3%81%82%E3%82%89%E3%81%99%E3%81%98%E3%83%8D%E3%82%BF%E3%83%90%E3%83%AC%E6%84%9F%E6%83%B3"